PM2.5,PM10,NO2,SO2,CO,Ozone,AQI
96.76232911760381,170.15939778055576,41.47259790256534,54.312769587940714,2.6908862689854693,101.02708143169333,108.03026394860102
237.92500507042945,387.55059062904627,102.12316105432089,50.522278374824445,2.5450901108127986,94.09805741201895,209.5559043746758
184.33851574379426,266.8525079869022,158.4007920989894,7.435996251611391,9.071920347158263,73.08818466011306,174.5894957630788
151.67132862827395,280.74909184994897,134.4782306896254,37.418543624484855,2.5705073785101105,115.16518579731265,128.57136978755943
43.224566908396945,75.54724699593253,147.11539513644647,41.11858378465642,2.792302288673447,32.052196708124306,81.15251571635356
43.21865748236965,57.484857620746084,121.99317234082196,42.88816418520555,7.61804279793784,22.019063134058356,64.00998070988953
19.230484981208868,37.09063920975761,127.68701596803491,60.11637507659657,4.552424440260346,103.93581636509644,44.48506990712208
217.2131557148591,403.58851504050386,154.36326076610428,55.69224193905345,7.7894345138562935,58.306479829712316,209.1822641183411
152.27317787708617,298.43105436797714,52.44356150606161,62.75098381537724,0.7471249598874139,103.16657396277665,113.99903979642829
178.47778156003113,317.7931841856301,93.20224381933389,77.66390984650218,4.9269548173665045,108.23992257149564,173.16522013684013
10.043201102471599,16.980363060642045,47.60560510933238,82.23364517802888,0.4327746418144981,16.870335298097856,8.613277121308114
242.6279137796886,372.3354448140867,177.90356135943,73.22169224151696,0.7202667142080098,107.18112392846668,191.31522652573733
208.9484469961033,406.6518708480055,170.49008774672424,95.7747511157188,9.073730788109668,59.31509609063644,189.26483904099604
57.023082116177655,107.93620437048358,16.702557932646002,6.732095354254355,1.4785291740641922,66.14757379046554,69.05130043432646
49.547116965739654,61.24890414831683,129.94777932766704,23.59890863993688,5.370964754524649,78.92517622025312,53.79895803924845
49.934104914091286,60.9742149135599,167.2922139606632,5.718473122923501,4.1698464657469945,111.90208674030954,90.60503080625028
79.53934952508675,119.40214048730742,40.6978086716467,66.5100978446873,3.5386989299625426,12.102770387274044,64.5586644962537
133.56532574989828,246.88784663071038,106.55068919394701,90.31290215024876,9.008350122303998,62.45278151495988,114.33821305437613
110.82652956731836,220.5249451900863,165.6330105899671,28.13081817474843,0.3160516280773461,85.64942466736167,103.94429053313004
76.35113934852026,100.80896802863765,15.770816359585803,93.06828175564914,6.671517893138332,89.49776534680512,92.0582804352211
154.90395920698296,259.51131112399776,128.5614454319628,10.725402077508281,9.63760489871415,86.17856746908188,145.82866353325625
39.17599585975025,58.9486179296152,60.549331253333634,93.77142254652385,5.645665016272235,24.787864234893405,44.580412653133465
76.57543889112844,151.30782322893637,167.14735321401017,38.40415528776527,9.374542374127609,42.933514720884936,103.72575021108038
94.75865160695447,177.5488248475776,175.07990167811252,14.63497870267557,0.6173530049316353,49.45870779587148,111.75573817152014
116.73714613317381,218.3758557674073,170.52530314928376,51.15781712270093,4.246053858834197,98.48809284474555,146.99604753102201
197.36811054128833,310.8457993474335,90.61641683176884,29.393773933448255,2.6755621305243067,40.66358596560083,184.0844738813104
53.920076628798135,82.59777143709121,156.5472506681833,32.06292568638267,7.335127553309225,33.177546025392346,68.3734402755458
130.98743741133484,185.83523827147357,153.57339775096196,34.19254666799722,9.814841195922742,115.31928209419058,111.70737695767434
150.1415693712004,186.94132767844133,64.24708045135345,81.28746029410303,2.6396476181980533,10.97496136248158,112.19711965075476
16.380351116399442,30.98798625269136,150.91563060561515,56.22032128414918,6.576328554593337,119.76029412501761,57.477665275942755
153.8484887158524,284.6690598432259,16.291297901633747,34.57423141982035,2.0611665643214274,84.45034287431352,116.20162509709118
46.77841030338642,93.54625517088405,111.36587934194901,62.98170941453724,5.696769520258938,101.13162293940287,56.81975494208089
20.93764028139348,41.81894720634353,49.10150233890952,73.03431405120338,4.692931618214528,42.40813359808125,43.37765883114974
237.47695662706664,390.4941328010342,30.4963705821374,30.89928006968571,9.722852763352217,11.574680543376598,190.32579432228698
241.57984810326704,438.5133080860258,23.082044276965554,44.287164644908394,6.124419999695019,91.16564704176831,203.4002812475049
203.05735028853297,397.14212094890974,128.36909189928377,16.579178867010018,3.5601130836595063,101.75590567007434,178.83512432345088
79.63037344747582,149.68263935162352,67.77874384057125,22.20918820579463,1.2295482703905405,91.45237451488711,76.52256392902855
28.929667931564047,40.4401602754236,133.21035115988946,69.70619612667336,1.5973436044758522,25.713531603092246,35.63159453496699
172.63709149547844,269.389013082798,21.110577935820203,22.23664303108456,2.3306376065172274,92.8770714482666,148.65035755403483
112.83736096620233,147.06403919914905,63.59935743120376,54.89052144837071,2.5845699472689505,94.5815060318405,112.41909325554563
34.899367536970814,68.51586300382635,101.71351970380732,72.35939486363111,8.521098972627264,82.43945672370604,35.10614093272896
126.3183429772612,212.83879187565918,144.4229380226238,15.153307694000665,5.656105603996997,94.27275260751448,112.70094737031653
13.425187673228507,18.565883267088186,64.18792549845188,58.89466086474584,5.281570022606227,103.05135836455054,12.587105748433974
227.7834985093016,395.7420636872086,116.40153399429154,29.37346445162956,1.236211831505253,77.49645256612042,186.02006412917683
68.40109549200415,115.905833631897,160.61621720015182,96.47805314757008,8.615382964159407,19.746518536664695,92.63298216209809
167.31795966672559,248.7231957680256,114.69674199099178,50.93683643839285,7.255861601763988,63.6390590633932,127.66315422223913
81.36921364190569,105.03512995456843,49.60311070811774,81.56929222864002,0.7699167828100156,18.541426813876555,57.02119820338178
132.41666518856366,230.04198461861682,14.148132864611464,57.27152150484487,7.10756746257471,54.82973341356739,101.61412863135564
138.9440184391035,224.5677363576316,157.91680856315807,9.12419062120782,5.481028351692196,54.78171380381904,136.4202189766295
50.289341603754124,91.4187166675894,13.615799844565814,65.14938068143212,0.9090809228931047,17.261082855426572,49.7690881410558
242.54823380231684,391.989671349295,158.6992843563139,95.38331750963242,4.637176351133699,48.370258736642725,204.99007818310312
194.90754172347306,366.76633113161387,99.91931278462604,62.15312291390146,4.898493242587465,22.20979086704463,181.18078799282677
235.17724068322633,386.0494307856202,169.64150874719235,82.82294164554507,1.7411679476164301,98.90587310101444,203.49556324090616
224.23270085477395,369.7037501212311,145.79315008152312,88.99961401809874,9.462411655302795,114.24568285609179,205.5026334234107
151.48549480871586,288.0228375900933,179.64879879066737,26.667578335148583,8.514756177658553,17.954812278373247,182.32712123967522
230.85918758066362,351.54920645400557,69.62100862679073,25.14425979128153,6.7233211395581725,115.06267280208715,208.1944641527311
26.680663002720276,34.87728772128362,140.42200911829158,63.04319394084421,4.676726053906011,67.48342592704196,33.57252230351713
53.015801292690576,64.83971086970854,78.32825531357116,44.04770463163695,4.176478861686634,42.95222457492613,69.09834780983786
16.080685783081826,29.011322884967143,91.57885545166451,84.78682377233844,6.544637324794446,18.45482828037799,54.08837664139692
84.70593103699976,143.68223570723077,116.67592874712291,90.50219672281106,5.499775507128364,65.06866948774595,80.69968819082197
100.22593597392309,176.72476617514562,158.5251094116776,38.57503103375822,0.7165037482306675,97.39670989398236,120.93960103897851
71.4805127846045,97.95484531704562,177.29418976388018,27.502703102575797,5.173776222826284,87.7795124993368,110.15930357607196
208.0406897422227,272.34548036445625,140.6064803569681,79.14992394816687,8.083395810605111,15.524861261037113,158.712803198133
92.40456503992937,111.96067285166869,81.02035296844674,31.10657337707293,4.6464747882098845,18.019201890469386,66.4025634367992
73.82895487340829,109.30155629473846,81.63069038710194,83.14836025879944,0.6143701177872573,54.31606108959008,90.54642796717555
137.96054037377087,230.66093873213316,135.38899127011155,45.25513409663247,7.884154173901927,42.48195434527376,140.2309475496653
39.52643511881685,59.834929182081694,50.592114780611396,68.4172404326897,2.0935014431461467,35.56227553616526,54.35186049285101
201.53826028473972,312.3802601039793,28.780599232337092,14.075854814293477,2.660346265391584,40.91049487995849,158.63074075636862
23.26490770154385,44.74602410180898,70.285766798932,64.26663584427445,1.7305928989797295,98.3831017626573,47.73488330628135
246.78729946712673,364.90078034562674,58.83062858119389,47.91792948003677,3.369129142227826,112.21508589950393,174.3942646036956
194.19996847768107,312.89335624737305,60.37238047751831,60.72780400167004,7.591839906317487,54.561296398032304,181.4169664378826
53.68534197587224,98.07895435459136,49.71331767848469,20.961349735762024,5.24192000908898,109.67221023457468,78.91244069385039
6.352918695282588,9.638865678569642,17.15584223818152,75.0030057696973,2.1283246140920546,45.36452713726702,15.498307336458913
204.78804997143436,347.6623977679856,13.038568904680348,86.96572236660671,8.790517773705204,62.40806849781708,173.35882406592174
178.1800492426662,336.7408655628661,177.91280625512536,25.590281008623688,8.807860364020138,34.86318975975997,155.45054916244322
183.60675617004188,359.7988287051181,82.7214327350966,14.092882774415363,8.718726407955469,80.45236463934283,179.6751373769365
193.96123493805672,255.574725115776,75.33553001714589,7.245665674401957,2.464082492677239,117.68792266922898,157.65367532024086
23.140939674852138,44.922814279683884,125.54003805782187,65.98729254211027,4.567269507391782,76.38424056477164,51.124289969402646
92.82410349334678,147.93312716767792,47.103160937060906,62.673933428434175,9.851397595794664,49.359549252490375,109.23380977075358
33.38791958365678,46.963297795953146,171.49340127153832,56.936254207836654,7.742923515468904,81.25991905895812,60.96022400788546
216.4603393395204,339.2601524860176,143.67865245064385,27.034974131017666,0.36895747013304225,23.521274631192632,188.7055716038067
157.70804107275168,312.8968633959073,25.19987039308412,42.13606961102389,0.7455254534788713,107.75249882919385,124.49436194290399
86.07001608889905,137.2037371271981,80.98873188343782,61.47525184268644,4.692920630442094,65.33923458578201,87.77118892440119
20.571795820075792,30.096563785975547,159.450112285568,52.19285159162109,9.101280038029445,59.428471624360625,52.84222283792768
81.19066882033724,138.56979377908306,170.60444378953974,98.8396244204143,5.433147799731871,74.44512672988711,108.19987826126423
84.66991389655303,117.87038376753087,89.45825691247785,17.961776492889648,5.028343829539473,78.72622490683428,76.07870964066885
183.7535136928257,231.6563389117098,114.2799361658203,71.03873263452141,1.1441896295706429,17.89533868491643,144.14540457653882
161.20158048202723,210.06238846969728,38.39577083565278,43.410282969907755,6.602123036770511,85.08789433457426,139.84072913421085
222.3671219312,289.6190940648846,178.498666443286,45.6789634179334,8.238821289942232,36.612484834708255,181.73134586684753
120.69265666467757,159.49801970522836,49.384189235185374,73.17178773752674,3.866158074324867,88.53478957572487,79.0957148079781
34.300590254883915,44.970191478093845,170.26440160297136,70.78143437581511,7.778557324160742,100.47882738226164,94.37833533195469
179.74497286963378,307.84917833755037,120.43993032870264,99.1693194017079,9.648318873618035,98.43543583077724,196.74264815035397
191.39233691113986,257.51916780596594,113.31525512940605,17.197457498141898,2.1172879453641222,70.7751064148678,133.04990518439746
142.51291340452659,210.42513737752125,97.15704687280646,14.890416691495801,5.280963348827939,67.21868815418263,134.14030637260043
193.88695908886743,371.76481310089486,49.213867992018976,73.81218762723041,2.942665785037298,25.71635574733529,163.35490723138577
125.97992110927574,198.94362537044256,40.009765440936405,59.94675711560886,7.9492587484350095,95.28807654434492,118.84280485111832
133.06954319858855,230.74873449724697,47.48265554192981,31.04526332318156,5.818174322223459,39.855031849138584,121.82877669237524
109.74754949784466,146.82640627274407,41.69450456452327,12.544840053953727,6.382365933748007,64.63649650997412,86.87103449826242
11.227686052303321,15.200391850355349,142.52936050634807,13.1375337116609,7.999350180197351,41.27015022202684,28.530682945613446
31.43339961335959,38.74779117343093,69.52129405834413,89.94813309309124,4.020107679358303,24.721119929966246,34.643973389203495
12.700150493249891,16.95658117158239,19.833255015777382,23.227395848280576,9.159391677229728,79.25134665809102,13.14818454672674
160.9205507596262,228.96938954621842,174.74744712393792,35.72029840097447,5.376985785736785,15.976523830519422,133.6447239755884
82.01721536370003,110.03498404488705,160.24360044378236,26.53235821156386,1.6637527460699455,92.350975753882,86.77728602520489
129.59981933535218,164.71644908202452,167.7178881431862,38.724649054034046,6.989401269871144,44.934547478722834,112.3130944845731
227.3537861118928,294.76616096277365,179.134329849894,11.59526506087887,7.953287369338718,10.014816230493386,196.60923178743656
66.07659614147437,103.64926942246086,39.56219236731284,54.31068013628568,3.235940602968514,66.22420531609528,87.3817324086196
105.54381614372929,144.07437780421353,77.36114321345198,11.423193541260416,8.586074644287654,15.153709938036343,84.42185437511709
190.11002894304693,283.5331177931998,138.90054086969553,81.03386824312435,9.070818222181087,40.378651360298946,176.36992138885216
61.0555505454475,97.85579555544096,128.3235050691447,27.202647781491137,2.8413544250403087,87.76741362012878,80.68717162837876
23.860077908054283,41.81039300839669,36.16230407777536,56.301131887428504,9.836862579880698,16.895858378405244,46.72225812790028
75.98910596387317,93.5767626446893,148.69163124840503,88.60751331833853,1.4930441276827084,102.32723415916026,88.02422578796376
44.49921537723108,81.85756686535866,48.154897212232314,66.83335005948345,2.099955117184651,10.420191492444141,61.83897007895004
232.7759248239304,396.2591848775582,48.04899451984593,55.63098972237685,1.9238259084564588,37.15062561220925,196.1477465345752
202.98949299328214,256.86437114627705,101.2856518918803,35.81170654596068,8.950498129077918,91.49944617672786,146.3032239679512
160.18392034505374,304.1673034053138,110.79978892308954,36.63518174052881,6.577496268017122,44.789716470223745,167.04483838896797
218.50784459599083,423.183688225703,108.6146553324279,68.60126074382806,1.6058324039005016,21.20816268726149,211.16780295504867
201.89965884028305,252.14488601422568,25.552762357618327,99.44323931601092,4.459201841846655,49.62573106804707,140.4572758567725
50.70966442707878,72.08389541241732,159.16834664716467,67.87472303569098,6.1914504481910395,39.74326150229781,74.11105020897872
223.67695463004455,412.6752632224186,55.15200724008003,57.989424650152365,0.9262944413948946,102.69830923766104,202.3887228429728
137.13884926933443,246.658997438276,32.01753661807671,74.41179847272838,8.835922047232653,44.46827093436575,124.35077783563383
202.82283801519532,273.3274670736882,161.08717357772613,49.19453316695322,8.055675000871199,96.78257189536079,193.86663228629942
224.54236848125583,307.0570764990855,172.46075469905807,10.713522547074597,5.101547058408718,108.10593592918082,224.13375942604378
82.91085136810665,124.06594760218094,156.5616949351266,58.418197508401434,9.674553491065787,57.71991615341825,88.07436286799994
31.962721509280804,50.744604403541764,147.61773270322928,95.97440202801111,4.235833694823487,110.09374582398313,43.6989615314222
60.844114822775715,103.1066692343055,121.3911367086337,21.653779523977665,9.842692158461329,51.50498593595121,82.30824862399623
109.6414082134328,163.92825861737748,103.64575300355368,70.55046462796325,6.712407988155908,116.0486258139119,122.58240127792163
205.4136176510108,322.5050846452876,24.787749184939724,24.088700422610366,6.383245605214021,19.82184769781302,156.704838791897
215.87899289780415,388.14541015311875,79.43704622201878,55.90363002494272,1.7429534634282717,85.5721193153567,209.30706850455414
6.703271980141722,8.240644365032786,73.35704789209338,14.184262716438363,8.831084807215975,64.31954445026216,8.719396154401434
130.1330891315036,182.4400264605282,54.15814323925545,47.78523894452759,4.33214791041409,52.641368600121176,118.8014820109425
107.26569577145085,189.9331866522873,132.98141932705943,76.83551624504838,1.7061107172465457,79.5983066623461,105.121793901582
59.41641356532891,113.85168003402102,94.29887496339104,38.0192948027033,0.22481444776001452,87.42428007977644,94.87035920257304
34.36701499675229,55.3082790574539,23.77785670430015,68.16661382628571,5.641581268019987,10.479959661534,71.24511124708374
87.71571699388885,142.59863309839804,47.43114433146793,80.56774627502428,5.321256259014495,28.36483976219186,74.01710912483165
236.0128774585672,303.45063277373885,126.15398982213131,93.081892850548,7.22160086145467,88.43506556977506,186.72656239786386
84.18471834508503,131.15388928221435,22.942246113351032,27.290997776268085,8.91355472487624,83.30239549360272,92.04759469335974
132.1037023271247,214.81301305019863,154.70517538829068,42.935012001884274,0.8861251879659923,116.26522556415449,124.19578776865265
177.2396449293186,247.06788269122433,94.17490959237564,19.479521266389654,7.341815254369587,93.71415692758613,147.72997790723292
94.08925258292703,133.17341858994416,91.69971814553016,99.28593270504565,1.955378246566064,114.58499785044718,96.01939019071831
243.08661026663538,365.07411497307214,110.709323392118,93.06509195280806,8.595952826255923,87.27945516882876,180.32720304709957
240.79958726081725,292.82601362554607,150.19576420727535,56.29592737665316,8.208728787230395,42.785742950338744,193.18444474152653
66.68666247721421,97.20670265760762,69.12756534337282,84.99316296576002,5.453858174356889,21.590141447594213,61.171905256263145
126.82588394363444,173.64472504872657,125.26274593504081,54.491007840844006,7.131403706370784,96.00062496794291,114.23240388031097
78.71518590510857,115.08143505422258,106.17443387928448,64.24064036026218,3.2120661205191094,80.85641436235075,105.76195738147571
74.78592112247956,96.90832242193109,55.394805928801624,13.46682105102158,4.764562199434865,15.300461363262585,45.6339177812096
14.037302101860535,26.84524289798806,159.36709768037684,76.75068994719675,8.234205287333669,49.60555124910762,65.47666371812673
154.34326182507473,258.50551057111454,145.5624236731778,17.132780945347307,4.646725452014818,115.24797970327148,143.21072897196547
128.15636069107106,223.41265823602453,121.93681189193234,83.4764248739902,3.642202826721874,65.04412602812214,125.28124679551267
17.612294056247393,32.2540455995652,154.59889394602112,79.29266832868666,4.992703227777969,57.60020496216751,64.34311958384585
73.2683837379698,117.13810392742909,157.4400141631664,72.33074628558276,8.299667599128462,60.34695656752234,100.00183587974492
227.52514206183017,288.85141119031323,130.42170604155592,8.4352361498524,3.4185596689716404,32.977099640568014,182.8137281933064
63.692663213408245,103.7989927183036,152.29226582182426,33.79719381480622,1.8202397720438637,50.55778879512747,91.33132220357143
40.499243662349656,67.6123895386702,128.5701484837782,29.995694141530073,7.1489388012747295,50.679458158589426,56.720553020848
124.91592626800293,224.39292143717842,125.62393119925107,39.212958709794314,8.27718430581001,15.759052220621964,117.49142624472881
246.48436125709716,380.8990955348773,115.16393429658133,13.326060942564661,1.09631103738298,94.43243913697101,182.92143494442257
64.3035415203176,83.7273420627725,137.961828724799,94.01099318795096,2.474753716283853,55.81548750942669,65.44662879026734
169.67320911444025,242.12718582230966,36.96286789982253,57.61121286767575,1.5055226986338397,100.43978754980657,178.36420073773405
191.5968057555358,285.5684934797335,159.74802906381782,34.024809512512235,3.54461997466345,103.5382801231885,188.5088340008596
63.22119827813792,108.53396752215993,158.21339971668945,42.71324412205693,4.558474691163585,33.319346016852386,60.95693368428215
183.4130054099056,303.8461379175634,14.972038115875055,47.48424134795939,7.513380735936734,82.30888303871414,132.92061513637097
95.10686751621704,141.22203632580053,150.38884759600964,62.056461669258645,6.546361090328574,61.95099845792799,111.92302951697658
159.91492849542698,318.10472657081453,31.907877470485683,53.98954563116729,6.247192818036469,106.81724117136336,157.56907973329743
160.2147791364192,269.90099807543737,66.97020522405413,92.34223745536964,3.5885119714355787,33.73147470940995,150.85420903546674
136.26479759831582,189.3782857266215,136.39640356957332,52.21153087605387,8.430330775539124,84.55945203410486,126.89615628163091
27.120993663330033,34.753545831976865,37.3291823282124,99.2550114082147,4.765742957241829,76.85273344779948,40.05055085136902
209.6491114193633,277.2163598650951,149.0543941002406,85.88537098578409,9.79313888635003,42.48316253290161,187.08510262976426
83.59111591807527,116.75724388915904,151.46281025281613,24.8084988639469,6.378007169127795,25.026099401628986,90.90587380298824
50.697035047964285,67.35329742691292,96.26951473934216,93.40654539117205,1.3500209414885773,81.68037365250042,29.675089287487395
14.98990968091716,20.22518988907385,11.085598191861708,16.054807799120226,6.794157864546796,91.24572039455637,21.218771784519618
149.76877108111924,213.88120774249657,58.796482639735174,82.6577223066632,3.31852975277382,44.7190078139685,112.55237823714114
171.00326865135918,228.9218835762238,114.87757612387618,41.159212880275106,6.894639247192364,80.93158644245452,149.1026317353402
9.064018087324758,17.379460127910818,176.801650264662,88.4075604422816,0.7894473668078168,53.46439983726536,90.70405524216176
130.46279928332385,164.92937438479188,117.40829959283363,87.46538556020778,1.8313262280419982,88.45275716108794,123.2949671534447
60.491464923494796,97.97252776752381,54.16660878090717,81.562913011174,8.571798863167285,31.91368023834584,65.53691172365475
163.06733365031522,249.2186534329813,117.78096952693393,80.05289144917083,2.3490776145327974,107.92365028997918,162.31538137937005
47.719775106222905,94.76683946190029,101.79751455169543,33.944518214313874,8.386707139905106,41.61505561121377,74.4131351676589
174.27974583510417,224.75658411691882,142.5737171756944,12.687331889868958,2.8648332756986634,50.45645865317682,149.0070794879016
99.75015984363166,151.44911949195523,28.18670860058293,43.28311698269034,6.464530909581206,16.390114728838476,95.1330013684584
234.49884724049997,463.2703759180576,139.37474342534478,21.484828923718325,6.972090677747327,22.266343355340403,248.44186980394255
38.692631315768345,73.22215607763087,102.01531837493874,71.02035344573386,5.175282056136024,66.7448092983561,44.075012833812806
88.56125600731333,164.16225029018787,173.70864065602908,37.87947402108963,3.12257569929764,39.43519444007686,110.30001253494953
32.80101270394432,46.12879436976057,68.11826822657663,97.68296908169192,2.2051793260738517,101.90282483164138,35.736804715618376
231.54993647824787,309.51513177797005,117.54572183277118,65.89234734780655,0.42857461016801957,11.616272752044923,188.0861718994935
219.94814157834034,381.5912367750773,168.44477793670296,83.13565354526429,3.109069372283166,51.70034535391298,189.79157499907086
68.19569879021313,132.53839456217673,27.426653758415473,17.5898439104756,6.566311626259702,47.10801014460019,62.32015081274394
166.69609127837387,274.28346796145786,169.3288428301967,86.89137581589914,9.389217702639979,12.126039400936115,161.1927650688787
205.21943904929788,340.1081552483361,126.94057279113827,92.66193309877247,8.724924374404216,23.680523890056122,202.96288725701203
141.02419884186827,200.8161005109731,21.532300047879225,51.27088228779891,7.684041287699496,55.50069424104988,129.1657255337919
134.76439169722158,244.67746768220363,61.16380638095876,62.59402908634286,7.905628698207657,64.21510428921913,110.70584734708032
64.25381127061067,86.71919250006293,130.38925506969787,77.65693108578456,6.683350544412353,54.4718721980356,80.60040019660185
27.810178112445307,40.57347550749621,21.44960224969119,21.60966958973919,2.67683988990343,68.40314462533033,20.07047294283732
224.81786069856506,346.29800083264547,108.96897822996645,52.74377726402703,9.081230803987715,75.46448423962497,174.78335026269173
225.60242400501596,362.3374143110729,68.80011968200265,42.87298763836974,6.740249887867757,11.09162032406192,181.3553443280636
160.10985703195064,223.1815785184463,115.55563802047111,18.905529255413665,5.6483622467063554,61.050467539885425,131.97780094194488
88.06229880693166,113.76499438769638,17.776145748127185,39.91577011769549,1.1987957452134628,115.98491649763471,108.0347061395786
90.55634578010192,152.9040306990063,158.16125704590397,11.476369391621889,4.525849883683612,67.09355081425036,106.05009475269638
182.85914132320863,261.65395768797504,175.49312476015749,7.452131160201263,4.65754688489907,84.52964942048484,140.76339674153195
224.7920136883814,374.2765846070515,174.70923539856756,17.840797469708164,8.659179734274433,44.305024370857154,195.16540834377196
222.33617394495374,294.2597411450008,137.4408113962972,96.49593560097152,5.511817379859106,95.13905159680388,203.64165246766368
196.06950873511784,310.7529332048923,32.11466082220743,57.20530591002661,3.865965434807056,95.02136300637267,191.059795027534
162.2977533078005,263.9077586402396,138.90474330793384,96.75310530955589,9.770323252255528,67.34256524195528,137.55937690909772
25.614291423786963,31.79908824836915,14.179775797996257,46.087298441362535,1.1961338739305254,117.3615205607135,2.2065745579048333
44.59903495318037,65.52862271866502,13.761003759929533,34.62253264309966,4.283229440288252,23.81052362389187,70.00997560536413
225.1457761891344,294.38524884347095,65.01373725542201,53.08347696982319,0.5160442841969124,11.86424313785391,170.94923763129674
153.57511961659952,192.07639847676242,93.06934236879317,46.75361042012646,7.42505079559261,94.71740329328055,117.61761992143508
7.253277646074263,14.448298314566294,140.96926102732485,15.038145004865672,9.188957866771592,98.78710911013708,50.58792399004323
29.860528002177865,43.53315841419537,126.16021402310588,65.87849989556959,2.8723695625498458,23.222795203263388,10.66001821419291
167.55793343147369,309.63023090685846,85.80346008404722,25.523627338411963,8.597582600311297,39.21411162544667,154.98102208095045
6.2400880423235785,8.759289734692942,56.5165332678832,63.86085571529381,2.992960481572788,11.93075997032918,27.618274798315404
44.39797259728717,77.4834384657643,179.5111650268109,66.76910377782457,9.116624600274761,42.263947185862115,91.95333591650713
139.4397783948136,252.13253752384136,82.4508213801154,19.44236104722157,7.564222845608161,95.04560613105386,117.622342042206
174.51432343470984,292.57518158459624,86.73579413604483,10.828214575513474,8.068577090730242,66.97565804838368,155.11662368296103
164.73050857813712,259.8229985923302,37.81604960258376,79.17235067650178,0.2782649004444996,48.29051524851169,120.25786692973492
59.945980817837146,91.68574301298273,145.117623287488,48.68104025808542,9.631822535032857,50.89132243969633,84.95843344079557
179.48390923014628,265.4736833045607,127.92597838285307,10.5255605730202,7.2940428214962,10.148898828701498,139.50104609518655
63.12602643671602,122.69321679084824,47.530834174089264,99.51230013112787,3.11703584432272,42.97805803217595,66.01433523061044
84.72292604902059,157.96551658752952,24.004777754693258,10.48915329465483,8.311007182102585,81.11046158017236,67.56120506904138
187.89039425391593,370.52390247331476,125.68488135270123,71.02834674156256,2.887059864307807,117.16138881979928,193.7286780059434
164.1600602665676,213.31578407856435,121.26690642779299,98.4494979000243,8.740263011704666,103.17669096822894,163.1380309864774
213.0597355710736,380.2464274887976,56.45411958969559,27.722109900512933,1.2145458650781766,12.595446111008204,170.83851827596197
166.11515861358413,324.0362493909967,171.64680558256975,18.513690025283637,7.066491176861878,108.84166651423233,171.93384759052077
144.23560781719056,193.99493854461036,35.679841602753044,16.531569245130747,5.452914918784612,96.15182546284885,92.02999897314822
27.950318117882656,35.02725520270175,83.49691617724233,33.81113901892158,1.055691254934864,95.84137359280784,35.44383983064537
95.09037174956121,170.48719654128777,170.4147064284918,14.599352046011436,2.4947488997625062,60.37953349039286,103.91638549561294
69.97458008202274,116.12830798896861,81.35364387744079,70.75532746094252,0.22279995914541642,53.780582224995314,112.71779839415801
64.77746262787548,121.35818085387386,118.54941110289454,10.917720822355957,4.740802858098608,43.320730171651185,59.28413894966345
243.38758591434916,319.280192156886,77.59104765367503,53.395102174230026,3.082526081524004,17.226434484980235,204.09574654965076
101.3089425433563,186.02488337508598,56.616584399273904,99.68620111603279,6.023739094547812,35.1058899843069,118.92157665960436
223.55140601839275,304.3209439327863,177.2762001531708,82.32717560307178,3.0426542963153103,37.126399847582704,194.21741913324365
159.6289633693294,212.45413885030135,79.58678107355732,63.44584663194603,3.0691992039191485,63.24847766812218,157.2359452922725
199.72876936770388,265.9214077772136,161.99686462545284,34.09409397472811,7.4576126674428735,92.21888472563634,178.43486738664265
128.1460878107721,237.28295627469114,49.09228300148465,64.27010444770565,0.5766140761856992,62.11908112377413,122.02583534163367
146.34145173345797,253.48648365274425,46.22779968426416,55.068939071606906,9.038660452400674,16.36288943918767,130.73493641282923
125.66683498562166,203.38578311966202,15.292794090366932,45.47792146958529,8.537412356472696,115.35687810870243,130.44439137688187
52.8345320105209,78.56835097244421,120.78336031390046,17.41748579031895,6.711266363941425,113.69967510035235,85.55002425093646
182.0007682390688,346.1218597490524,72.64947843303939,89.22740044784435,5.972893544063105,96.37084974632492,163.2511177741145
73.78922879800967,111.71365201542626,156.9409024727383,47.72954163802564,8.933794731582557,119.04606917206426,75.26990172820668
10.957411775706191,20.307147182128176,90.44568413756471,23.489138622972682,1.9347687773342732,69.89305660802893,26.744872676440952
163.14071249725612,253.0814804899576,174.5928827455027,39.93713833334251,0.8817947056892033,115.90451852785267,140.73166950817077
48.39211645472699,72.66345072622498,41.539337669530596,44.34232649024807,2.4711506821044273,18.316554467842586,46.988779812856414
235.41235316646402,369.63125348538665,157.66593855245384,83.61610007885305,7.966324959131883,50.22488230875084,229.14183384924783
238.7125013656339,344.00913459714434,142.02146497459609,74.6933661533332,0.4432356405921849,34.79193948074424,188.38269161553274
229.1417756040099,412.0169633902514,141.05671358948885,78.08396489592728,5.869787667326547,31.541639254769702,209.8315253580617
95.68888156258387,153.3104593684248,153.6131487798709,6.0479701207214855,9.954831410293968,25.48832437819437,104.68400247910091
8.78687104957252,12.176583666150046,139.37407846030982,44.534629827077346,8.57139132899164,78.46550057225963,56.53076949549711
232.43804783399273,446.2019435552215,116.45745467734062,50.72769440535574,5.262312321531535,95.94540413220356,181.1132380051507
109.90511633774202,165.63942708213895,32.31162920600589,6.823266298190385,0.7300450019377592,73.61282393623966,77.92918473951482
241.83043066569905,395.3546147930539,15.529450513512826,29.682254830778252,8.330597792418528,26.165898054703064,193.90888636434093
241.08689438686696,464.13511012884044,166.54413412866677,77.22753319660282,6.029887230954384,99.2236146926818,250.95840553146655
213.98731658950322,363.6479908344794,114.83055346852547,18.02542204425491,1.2378366708897117,79.95501778801014,175.20870087509866
77.1399785570485,99.78198415134155,145.41133946594996,55.85446248799621,1.0291871197512266,52.698227673969505,53.72534333460143
99.34894350747169,193.91579505327186,91.85879975713351,25.44417784163756,9.105305512422264,84.15433250896693,117.45466798873949
213.52848452162993,363.46102086144606,29.94239212360706,6.151473591169861,6.725082603086976,38.589547716711614,162.33422831513735
82.64589126328802,121.31792792587696,31.281584674433574,27.91413847195644,8.30993931323588,47.97114293436316,57.6690902124499
46.525722938092656,61.01465461831172,126.54609882892514,97.70800671645512,8.801891112794447,110.92344274451892,64.54881799920572
141.4163093022958,259.53006057048464,83.15200213290866,81.14602562888402,5.76054628527839,41.955495623856244,134.1503794194734
234.35791966939135,397.48467250172774,44.089203539057245,96.15978121049817,5.222718882374909,61.698709497373024,188.70594540918088
175.52730018536838,285.5423484052758,93.57107294604427,51.34613417300443,4.3612313621778025,107.91552511356161,123.1631808757794
144.6649866718944,277.04995089681097,20.915519302772793,15.424938874362834,3.2377712191320813,87.84934852942803,139.04203822988262
28.80824097383829,52.744367962408454,108.9351383254478,57.05615145250083,4.402500012501246,16.842354878117302,68.4857992516722
155.67677054129658,205.70192900878328,55.728878753966605,48.16584678319629,7.761408591728548,26.20333487068674,135.4314157150454
247.5631932755445,358.81256034499074,145.585047108322,85.21392286026352,6.059041967049803,10.86257498491085,190.68382439141368
39.320583732948386,55.00129090258048,62.76153301700754,14.317845174503235,8.935980570552976,79.40139692520798,47.458183551297516
131.9907648291155,236.94414991370064,87.3874253439062,51.38290801706893,4.4894621423539585,59.244076795146015,125.78538677134854
219.9564026223491,269.8482221193395,11.975491784377109,19.254623145928505,6.110186829315665,24.77023359925031,162.00460590776382
186.48831134978008,308.8081856095842,22.315970925075007,35.844213054555695,6.349944775610688,115.37275331624475,165.43246837823983
175.76885654384066,318.13582093625735,76.72390458913642,75.04892235184097,5.957801906832622,68.26256963401818,151.30650813519838
177.10860057684178,336.7565086607998,91.589601901911,50.22172229003282,7.056074353546611,36.60826235241781,167.0717752945575
93.07533204884001,137.16189633827275,112.00349318028164,40.70938708884809,2.4505913369105823,65.06639282701784,98.0970918206077
76.93000184480087,142.85946298454036,59.58263838058155,42.47524646415336,5.172401397703327,84.75823660086186,103.77646179827892
203.29348309223585,261.9447486276175,128.14692064151222,48.64744299856873,1.131825547802642,18.386313977092094,170.41186470252967
203.4777816963993,381.9607257428577,156.2208075221648,79.5765716645204,3.9066621436836444,40.21741965526812,206.92741955898785
217.4327180521254,283.09542675988854,142.57466811186947,89.74804544932226,4.927903979350518,98.7662039972393,185.07679093269346
228.74393537633546,347.1943691058266,16.735200309220716,95.75679521787319,6.557020169500177,60.56313574429274,203.76447167463732
130.27888772092976,239.43126801616538,91.68618103383092,79.75582169425303,9.510257420603415,70.12348562355244,140.88919165727845
127.87149219836391,168.7819227513387,27.83813033108973,34.96365509606121,6.046445558828723,57.60976024304162,88.58768140726013
200.58231884685992,277.4858037799449,51.14765269662967,70.37279707822151,7.461579770147941,14.828993690730563,179.69309491361187
164.24116304055246,291.98827712218565,177.7326408554149,46.57229678526223,5.112033989002507,28.23247578021715,172.40345331359535
176.98188492813733,314.3250006778063,34.22424229325725,29.19370909437486,6.3776299106256795,59.009580261608,144.39320996702114
199.96920401184477,342.5308702559348,94.81098608673054,84.88280004546264,0.8022289397243569,33.01040119487206,166.46413806196
223.05130874530374,391.49045748648797,115.08647483408025,8.650503151420875,2.6184766503342853,15.497693152564661,193.4886310207472
87.80881342862627,143.4953676256028,129.41904499249767,90.66738925286523,3.6823456227308733,102.80146304570061,108.07238527476191
97.01782339678628,135.9645853789529,105.1402761927754,48.840359139349744,4.777684214564484,117.93117820805274,100.28875088679159
28.025575261012904,41.38135357991526,11.661044061261222,65.53414029678663,0.551922580473599,97.24571613964133,37.872909948354994
146.67863454406262,197.32356556227714,65.49842240147862,67.63862260954936,1.4862385657778452,103.91634138751337,146.90620880505642
13.805857080201811,26.60057938760312,98.01097937540094,90.03618536712095,2.8404616471339272,36.61748433487499,55.29220730002456
119.07151444245274,198.4580929438253,24.937304854621672,65.4836198058847,9.718173639920401,115.66896730645198,115.97033794874625
137.94793550335626,209.77482291293916,69.60657830556073,63.32369055220587,3.3803353703202026,31.661827489877123,132.99058004131135
75.20260677142969,118.03836074777007,15.644528494532317,11.331943853265546,4.872206475309617,114.65727913980155,52.28580039701889
149.75414883940763,293.1926667939443,23.358344516353526,54.248762084794386,2.04136735611009,119.43012233625461,141.45060000260932
12.47256123506711,16.497221294759548,77.47695695427133,19.266055077618958,6.146722703650106,88.28950863206536,59.537411185131376
14.150306243557532,23.616632813986612,32.56167818732026,75.05620802854114,2.878763833608146,117.92581049710041,28.27768751875005
206.53713736161626,331.43240448229756,106.48194420446488,53.661082477204076,2.149226526540425,72.6493757523814,163.30692210436936
93.2467071457594,157.50892379459833,127.20904475333518,69.62163902479357,5.214069021615193,38.54959614936993,92.20420373289085
36.12982559971177,43.87924494607468,146.0997388485441,8.958925557226506,0.15450741168816615,58.069547423218296,32.75212183481717
132.94959871342706,252.29833743412075,44.02554152161772,13.055241524351306,0.17587392322733075,75.29170289166646,103.71789279876786
193.64842050915965,376.7806911155214,38.47203898404186,73.05072186595481,2.268781210108392,18.038971822971646,163.50449278337646
57.87615173672658,95.61756919196662,27.776532856848043,11.848011919873969,0.4635414887581293,78.45775910789708,30.92817981007192
157.60816657565508,276.96808716651134,118.19314242241823,11.769389137699566,1.1694549658938447,117.9295620438524,144.6430024180275
25.91012892347316,50.21381702667014,130.1008735027732,6.150305147314308,3.454720428453641,30.91184147621004,59.071446623934555
17.662021686308886,31.187437300881648,15.369644620359146,95.8676328384506,8.045598227840149,97.18546279172216,24.483034776821267
135.18188473419625,178.71467393439573,169.15608186142728,75.06329414860566,5.763281569356078,109.86886731575812,156.7414141644028
137.4556047944761,228.31797781956826,18.83511822075031,38.5588838076961,5.175410486968523,113.80717521022429,125.8546441709799
161.1703258670606,271.6319604276517,102.02037700118198,33.17088022232724,3.0055393497604044,115.61491648459919,161.6596609631158
182.89237676205207,281.5270653402049,130.54028830665578,38.22180682585571,9.324361822384882,67.3605602593619,155.69045922901665
244.08375946832098,436.7037734980302,158.06475103683456,78.59208546221228,4.030448908248197,117.5038698790654,239.26670049688155
131.49358533379285,256.08291743224004,131.39477846251273,67.83020805168937,0.9622183912781378,93.30412278478828,119.55467121909882
84.12433587060526,163.23947220554737,146.2937741218646,22.593578947409455,6.208958509566233,27.783857986065808,111.45291672378939
199.8206177183324,311.85434261057355,67.70653273227703,21.540386856738014,1.227000095418354,62.4590117114767,161.53667498285824
71.35390155920818,92.0886629715925,148.5202693369071,14.347586722772744,3.517709113736752,89.01642929092044,86.93939116886963
112.54799807288084,223.7311219777822,23.619523885394774,67.72875837162712,5.123378193306308,37.20743474009917,89.4310588906192
24.22181342885516,45.32188246319981,162.1188315302897,77.61540291106492,8.75480299438324,80.4676701903776,50.18460575458502
11.21093213678709,14.571186451312307,103.09070394613516,30.179410690875383,4.9861111453671745,83.32605269512811,43.990993859909466
240.84886159609164,466.4456092260267,148.94062089362393,6.989771297936717,7.052361783713476,27.896971818942248,206.89072705877686
209.81512952549042,397.7920897344432,86.89410836811102,12.806308410260598,9.928886706090797,72.15938436980319,198.2841671593953
175.513680492956,283.4669581803564,119.40820818340924,96.9467033102779,1.4017422869900182,94.87896020764684,140.14338859226154
105.19347138149612,175.99081816068804,99.48845235913925,33.067253860354924,2.819842102643243,64.87852309895361,114.29192687223339
47.45710841735721,72.09694176193541,134.3702186984064,78.0761990446227,4.006303148416699,11.331342845371816,47.45040499771086
43.32707545441608,53.890619871099,23.87709694520023,64.34303904115507,4.2760989675344305,10.99423159872214,51.23513221454516
66.30951005032585,97.35282395139932,20.259854278395846,41.28426576702511,4.169108645128903,49.27322783670134,69.17900757052608
139.56053285299953,257.10996349496486,52.0075497817249,24.540289908577737,9.085348925309894,111.88134752749602,121.72920632355036
180.07600106151529,216.7584942174134,37.12259561924202,16.53170972514361,7.168923180221879,35.15444575639697,140.26070355780212
166.74835729584416,244.58637998623138,158.2032063206743,63.42623196369233,6.118261619497967,79.78000577588558,159.7036189183499
73.58380475175599,111.73957962807337,47.266377850867535,78.59020916058986,3.162789906841543,34.42834577626526,63.531994772769906
238.94199376248255,389.455493959122,175.8970934892523,66.1709040864074,8.255524803790818,45.38369886255035,201.86594021462122
185.78474459046328,359.65780611283424,67.27228460108816,55.378702658670036,9.555099063701391,103.28462985616324,147.1541171962033
140.81674286529318,207.9971433031965,40.96004566707887,8.985366226005445,8.229862997247242,90.17475864969416,122.9520209186463
154.8715828274163,228.83245262866666,144.24874621422146,97.00643387146646,0.11549454139558175,20.49392050445317,116.72122797216713
107.80201529480853,192.96571501670422,121.98032183514894,80.87784820718458,6.400373564815729,57.1572223085077,118.7871798891158
65.69409242778357,102.59934867839385,94.69327179703363,32.81809348659165,0.6062402762767972,13.20867400097909,61.59825756009843
92.21330626955908,127.22521018537861,104.41180365939731,98.09718128909081,2.6503114813038464,62.89791612633099,103.78420214191136
190.67229706377043,297.82090193527773,132.26430230628483,62.1787510154506,0.6892945334429397,82.86774128711748,162.19261876550235
8.526404714290187,11.19248882723398,48.83730602632078,60.33015252968841,6.077574984198939,23.035288595796672,21.29529342686223
33.43779692419447,44.84375009692595,179.37676572964614,76.06695204580555,6.897240143576807,41.777343280008225,76.82124672499211
16.270647295329425,26.011789757277683,175.71483756495314,82.11812986856307,1.2334276168524607,53.762028805237264,55.22705498456267
14.978556568147683,22.994186716369672,120.55536667897927,67.36546769649274,3.900004942145297,111.14841271216547,49.60987667752441
214.58784308269676,414.5572586298359,43.92221665795467,17.169095904789003,4.616741438659866,119.25805169652604,194.6704889188321
177.3961755481058,264.30524405393237,125.63880121331952,37.135413069477345,3.7536249154330745,14.940242889517744,127.84593573077686
121.17258812639467,201.68822018305306,22.273729526459896,93.16794583097473,1.2981475048034112,93.71087158449312,118.80005458306775
28.969369359495364,49.41628138304179,15.210925374987031,26.338483125165933,4.247583122856006,50.88964730425776,42.36558853744408
125.44588940362392,151.84918388673324,53.806091046906324,40.35586726456376,7.536662673303339,53.1704004852428,87.59962869120658
121.0005838412386,209.43142814108882,88.64590264568378,46.04730387969862,0.8029758788792292,92.96914706817249,109.97836107671047
47.43445812795372,63.677381446146846,157.60632591942468,46.74347402097296,0.8937821394108442,111.02690753599495,65.88007403221798
111.29365406330339,219.12120683032782,133.61874186027237,63.22926033697993,3.612235789176244,114.60214539528033,122.03233159704006
102.63365992735649,135.36663178809673,136.26010860399677,94.59220458574723,9.423084545027358,73.48348446421528,116.13018534450234
155.88327402279305,238.76630154367172,82.3338668561728,27.86580762408797,6.718869202556849,49.283327523055306,155.89676801486368
160.59794446257274,203.68311835828175,68.8089487329837,16.542630748587214,6.818832571058391,96.63039944446572,144.82826029986583
16.099482394150908,32.15870644640204,73.07658970738245,23.759696536694044,3.6830079092948633,37.610152158853026,12.089219972483967
96.78009058348545,155.0180915725282,177.90042583512982,89.2578655198806,5.9772418329645305,72.04814317168695,124.23720382129694
158.3356793499879,265.41936817372425,16.818562540122024,66.35202720224457,0.20029872187465947,49.443630767736046,148.1826125292754
128.26838335212148,160.80509307500074,157.39535434081625,32.16114497772021,6.397350859454468,82.22941810786637,126.60473917992901
214.84001109113896,386.70522593214685,108.37481945730688,82.51495920201864,9.141540781004744,36.44388041828576,215.1132096413914
166.37993974664153,227.59519164135114,84.56462126223038,86.83014965452642,6.16447733661371,31.075224030830835,171.34101760538076
44.918934634950276,86.17443510275963,133.29380227057322,85.41886217557641,8.749616075316816,111.00629953429808,93.39399167631208
22.28934311310531,30.40515400196839,92.73372004219948,92.29802069575767,7.267333249114329,21.19840512444906,50.20351056150421
162.39272316054732,219.64430637813726,158.4819504738823,28.96289691646935,1.2935283223965337,65.65536985084248,155.8071567287856
11.495271082697343,14.130443971153928,163.11931688191396,76.72898323089643,9.034287742129832,34.293806125930985,52.4872886275662
148.5150174119985,234.3052453525106,81.69255756848742,48.751252241043304,0.7577940591221713,14.282295965823419,125.22651940136666
235.3564091491146,388.77887567046224,57.060725529958766,84.98986252455585,5.386277978222862,13.962070012056902,189.76960181880744
145.99117357959034,182.86371340307903,110.69955586087158,74.20661433035325,1.507157525555231,29.27439493164101,145.41688457923692
100.10163192059787,182.2272223292474,165.10176875483745,78.76250741747384,0.21589544623595025,105.34473899566002,102.33431569595055
162.60561351837652,254.09258348223824,45.81257213096332,67.33537457970179,4.278139175263626,41.072661837472936,158.78347351872196
117.27195817042157,189.92336878815394,115.90431920579208,21.855733099622153,3.020903005776147,114.55050876328252,120.71106851667629
138.67611338240405,215.30994779420135,117.3652374157285,56.77755729520914,4.91140488859627,73.97845222881129,109.43571113168979
235.65887815024865,358.34535244424967,134.62921381059778,98.54362525482829,5.814278878672053,58.02756087456427,210.21176266329348
99.5951462611897,164.10414403366974,32.36650647163417,94.0518663172263,0.5330168158585789,73.80977181364,59.64215770544381
240.49168813685898,318.45721681275734,131.69024399595506,9.101504900716108,1.317732621725082,66.83682237488945,194.593999699695
226.8109072792356,305.1837162048808,164.53552851315897,20.65740749429653,5.630559724859211,93.46538791330576,202.0894775444333
52.968828023377625,100.0808131100409,40.546128507941134,17.51423347818338,3.4973567964093166,41.07456725701375,45.70278227984794
21.993518714415536,43.03894895524581,50.3823652370592,73.96809144860308,7.318817526739535,48.83554307603326,43.9731713271095
29.69061033746953,44.49575756097089,175.13716598707873,82.68960633640978,6.557687321060203,108.35037327865759,96.60249867013216
9.464347284629683,13.407154031230936,40.76608196061326,25.28357979951383,8.471483193600077,114.1102164465446,21.70123344613969
28.138525385202456,48.263188458634815,155.24546587282845,53.05600583042376,6.95567898402533,108.1814050235122,45.98160373912653
172.33665948700744,263.1558967165984,93.68723559616592,84.866787661064,4.356317666162466,56.139279335304494,173.49383991352062
22.441218872756103,27.385223258311665,52.0292826485401,74.61614675279381,6.7623695617048805,95.84020533075699,70.71272695952983
83.14902942197152,110.16598483654073,158.02748321632694,56.512534521725584,2.8262736251286436,62.39693066312087,90.64973990672075
211.99445118751638,375.8190532010252,85.70189335045313,61.08303059358342,3.1325036379043056,64.72938373607124,200.46609653297114
10.701624255277338,18.48319425763571,97.51895016804733,53.2942519570466,7.910953083215854,32.51481199630123,57.59338869054397
204.54477823428925,249.8876089032775,71.06967279796017,33.267102875287954,4.519553212375663,75.0243333584368,142.91610067381578
74.05441981948299,102.01571951779631,110.80164474393766,58.67708932160653,8.00396537113169,30.474948752868272,74.76099275336082
33.95038276730578,47.01652155440082,37.79905833945387,70.44410369475861,8.241981499315957,46.47211689739132,64.72643157970296
175.7006055142169,305.28229612978436,76.48386123079932,87.96567700677673,8.589867142846709,104.05332217819287,190.67359574932522
159.09099746107157,193.4178122427546,174.80009479699888,65.44767862802857,9.174688834827952,32.77833901319407,154.34156220343525
219.98064331412797,282.2982702485441,53.88268355919168,77.30654601910001,4.366753683081632,17.82741136907761,152.3258774601535
185.09240573195203,340.5576009786697,121.64523297201967,20.206805320684435,3.2567815013792747,17.590835187409795,196.35818790262752
201.8528279442879,271.055189493165,65.28231091819814,48.84796006988004,5.863767591281727,113.48629725534187,153.20283070793525
74.09847027997009,127.61215479438673,141.4904313667221,5.886503883573863,3.7746069920325134,65.76124817580181,79.00963684748191
48.47268822603209,67.4035136204283,32.24852232211947,28.434492129554187,6.050634251322306,55.035327899872016,54.48797373943207
188.9006141520103,241.70836911390958,174.8695776633526,74.01386293573546,7.0853000401738635,99.19664391087103,192.89128097310152
202.67451112047968,282.63725728770385,87.14422203521868,99.22194537818953,6.915209683072155,101.94085207015677,185.4129756836978
247.67375979016495,440.31776501603633,50.128578768898876,14.421919460785512,3.8080735814992015,46.54101364271651,208.4526424497503
106.09133084329949,199.93517869140487,22.494447046102152,43.14196000682239,1.751915996817653,86.29798632211748,103.12807439789347
96.14443101923187,179.23013042280397,38.858843864881926,81.00674202642016,4.362240450775855,94.82350974370752,97.98943524224107
195.22117538178924,296.29631885366905,98.361571254523,24.38338528974539,1.5116820264108966,82.01157555525499,168.52466166255377
88.49686736198937,153.49499420847445,67.29053999331867,57.733070183717196,8.911960648319702,26.675458228010932,54.26696619816589
233.03554477287335,317.8575552891356,150.9101722000436,74.6417731228191,3.5241868613047886,106.34713918687628,191.27886404386655
215.3111242015379,308.8677229295478,83.25087902250701,63.51861777471701,1.6291514975109056,69.30040080096096,175.45148845868317
110.1035367068795,211.07603900524018,52.28142633989708,22.86234978846453,0.35193282306693374,41.0719669007004,81.52539132744019
188.96341160891686,228.7216041899537,114.9146477226851,38.761534025145245,6.493641624236194,56.77510039814633,157.5702824537917
189.86300415074717,240.82353021973353,130.1521268705258,79.46021952611274,6.405332942801958,14.132819943879813,155.62365431263984
30.265347864803488,41.35181730040883,38.39712434316148,57.65151884254158,3.471981249154788,24.065348134465932,62.90860727234198
226.12546213649384,276.1502400537663,38.495266769014,5.49681328657671,0.809947699591745,94.2101425567447,181.1199549150124
128.786831249725,173.2373933089741,16.234142578702304,77.29412220266892,4.155326059462797,10.001279823090275,93.99505128260193
207.4820791963967,345.7550352979996,135.1883425611589,8.354578719322712,3.1810532011275967,55.82224113305214,176.96714757854448
83.41215225249988,128.21612572457008,122.84676969570687,75.84470935946706,6.803494333376593,67.47611991941473,94.08765928143816
224.4031909815691,429.5385335496033,90.68724887746836,24.235653215697553,6.097214569581634,16.00978620010695,191.81844749293097
100.35441128986996,186.0525474686085,153.50897632476352,96.01698061134113,3.709477909155646,117.03859792695661,122.4671010854437
7.6552246126730985,11.27962041821277,146.96392600150904,39.954371373698024,2.257136287124402,34.87378643746391,23.984634541991696
226.8185842227196,319.2559457753297,109.51024194744787,36.058503552117514,9.881556064940359,43.461859159990894,169.70642849035974
27.365235812602723,41.15058080372508,157.60611768725397,19.144364781582244,4.594616049841537,43.433676348053005,60.83853284278065
83.23184120965165,139.1832773893843,44.9930057062506,34.03240047157041,6.913914934224347,35.345832832908485,89.40573320402909
237.7651819274472,336.3071785756446,29.026335297613738,88.28182237367905,1.4914743790257718,10.162120429494255,165.48448502371835
237.89875099970124,404.26589769175075,55.85743395788823,99.65176207458849,4.907338026628038,90.2279273496796,217.20553709492373
145.4922825902051,222.24372774531068,19.704765535183526,39.989405398150595,0.3726135267077083,116.35300497792139,106.31691179336059
159.8001169816008,262.3339036415285,100.29881976017545,47.618009940681546,5.104005667313454,34.672283161354954,146.82854987499144
114.86915288468835,177.92097142347654,169.22296769014346,73.59673912926002,9.643772330465254,82.93519109837646,140.37066657958908
76.83663906602581,110.30457430581136,16.68840191364664,89.18859914418208,3.9036464585594226,91.60859596545866,72.19757847531447
85.52281361562942,167.5188926543168,30.758685381704556,61.33921174774449,0.48606052449162473,103.32679169995772,90.93414175075178
169.7670217388744,307.42849125228975,86.873834808184,42.19494132689379,0.4064623301015009,56.489211671497,142.1275545552875
189.33175971223162,248.42041095606328,168.75875297974383,44.19907488061926,3.941068923474008,43.322399620447214,158.3106966642037
198.93686571283288,376.94047653307854,63.74653784604759,71.08372391719665,1.684246870985621,45.78246474253342,172.51867330528285
198.4564449846657,315.5348242049702,96.22991747702672,5.305735042406475,0.33118575364904057,88.38834664083642,151.00653184824225
27.34549524692914,52.38417323124477,17.067386038566656,63.86098705868486,7.586514778106751,99.84574131561996,40.288428753825116
126.13297465213246,232.07006776158104,35.2183441635551,38.77183599192895,4.639377787930718,29.977536453226293,88.93611876453117
19.10189620407785,29.42018282644821,177.72712090300396,80.448746471323,2.96352324252928,50.80351089735417,46.365130409769094
139.6345761693152,170.07148527845607,174.07017839412774,13.834110783197556,9.010823511863158,109.2134216424065,127.56042755429463
113.17497283647737,160.13600968390705,10.839796758849635,60.8792153600971,1.2497757059852037,98.73628716642132,87.3549758980851
222.48752477578344,363.3905143339574,171.8080035219506,50.69242453918176,9.56359640665766,118.33442430387234,204.37141169310522
90.97417807525927,155.27314199212086,118.65038942863507,66.02092496099661,3.208270502035793,92.96730856502889,98.77412347130809
33.681419024763436,47.36652138523778,157.54611006840375,11.161091475881992,8.895196355855944,53.25147211307145,66.44329027760216
40.032962102944786,52.50262366927177,87.30577545775604,60.09845980567247,6.069134477146669,74.97016173941016,68.55482055036794
191.5701047707807,357.8422640768844,97.65132485847253,58.341035856154754,8.284402861440725,82.71156796720523,171.3517998951525
156.46342551248395,310.97446043485036,93.10391864367644,58.26270896953624,9.841730315783597,18.630139794883632,137.29734546015933
29.77505565008361,48.25203032631238,123.36692378283774,62.331328326663204,2.955213834405583,69.89466550142515,37.117880651218194
25.606167498174372,34.24423983732814,33.74071330857319,69.26445403650442,9.61524130553517,88.02529113198705,35.787329410882414
176.7374372074844,250.5864438664652,15.095510278355253,81.47395496967313,3.955870759533962,28.405343440116642,131.32130385929955
22.826936559227413,27.72816611653713,62.34809007050246,30.63296841218036,3.916567856895531,95.86948891681129,24.252019508566036
206.35571452613726,398.56348424591374,129.79572966522994,83.3796939671059,3.4698323321196067,74.21500585655228,177.80114416733156
178.02934565334158,230.40573337353328,44.315086860901225,52.33428981502809,5.459935312741093,114.7443964267354,133.52891966864632
24.930451257265442,41.41479422217338,124.48351366523595,12.320536517761461,1.6260359274670224,14.666452802758087,43.24047791821689
25.78523995087202,36.595551641213454,174.88504783823598,10.562338278178025,5.58174370504431,39.18587513110137,61.38867676127755
246.72669673278799,405.45644244950273,25.963121684201127,36.752640276125774,5.4628776428590395,76.17092672298065,188.26177764564173
96.69634496024948,166.42759042126858,124.34236009827147,79.56521282558941,7.642827944788213,42.621590342652375,102.15087149542248
95.80732603138827,178.56506604538436,85.4375372817771,72.229688800387,8.353134623182097,88.58665804783664,92.95653598680173
204.13589397808812,278.6734654512614,157.5841832441759,79.91842164387862,4.460369368092998,93.49058107741241,177.68183119884375
237.07590145904538,286.5765585440532,40.115464206055606,54.14056036195289,3.0930991685797884,21.27675604731219,155.0075554176156
246.57026063660336,322.8858531507012,127.74641187844797,46.8189048057716,2.6674154834392354,66.52399106274444,201.63965938232042
189.5776553884407,363.9919256080908,152.47959924017874,19.007990037096974,2.0267759833782324,65.97796111501614,151.9398628268483
97.18359845507436,184.56254405945666,170.58441731058394,36.1783115928846,0.6707110637703463,50.620884723709516,102.79875216296603
25.457675591173846,42.71620986858342,126.15216480923979,46.23183978651815,3.4902349904636623,112.62173488266393,55.910252732696996
195.400994402222,328.3544666298954,94.51970988143265,13.417040819563637,2.7754521520947546,101.02569518605434,169.9352063072742
141.80904118527224,245.61741995868383,115.03403083420635,25.958135507565068,9.667532120077432,86.69303201006005,180.09570732202104
108.93439226550919,146.00444164474763,157.7138473613821,61.831402936055184,5.621317379875435,88.57592993084972,117.91197687790257
227.0568243482103,438.5669672880834,107.00365692860105,74.88799585272304,3.538042686402025,60.7887758194431,193.59213384620733
32.243383165007074,49.49412259185348,15.165800148462267,99.84301358233022,5.84662924983759,111.30939732062335,45.03548457440855
125.69315055126049,189.35809163211457,168.26127823618623,93.64576647763798,1.4780473433223857,86.40549699786139,101.90727412133754
7.781642968017672,12.568397411456454,127.21954767536539,66.0436939558432,4.496033117101809,90.18791678213981,39.110070933144875
119.82185728856093,148.28826824094506,125.00727558213191,45.01856506293684,6.299719782068532,104.78599941660798,99.88252330511442
18.79430254205015,25.053307002550618,46.66477590761192,65.43684964728212,4.940088534745269,40.14787482764101,46.750120177729926
34.11038948567762,61.072158670674504,122.01052993955173,79.63690371762203,4.07761012647781,98.77779942533734,52.897253369912576
33.7939304603907,42.7911904933286,76.95694896120695,16.241938137721796,9.939099050107012,31.476466325214123,45.00498007021424
164.05652401843557,276.0286596488768,120.70960609705365,43.940964521147386,8.815116145274377,47.98761474693766,145.0100081653776
187.78099542002872,262.19471453713544,28.12081515235842,84.78121713538363,6.271718985778457,46.9171499696827,174.94793182389327
147.9253474488041,223.57976811252885,121.83370178251613,41.464130433639184,5.7368358757046,117.63780152280546,133.10764537284496
240.73227437626278,344.4770491323095,179.90033338101333,59.32786576658272,6.244538750263382,104.21909461227196,237.0500052938423
96.8432919833075,143.76756376485795,18.196046606294523,60.83808928190883,2.092989867442089,87.12868477492857,94.96574600339217
74.99946113905588,133.14179770531752,176.11961131762394,22.52524404769574,4.011863658316754,89.97624377769291,101.0402868563312
217.80678640641776,313.1402445288575,79.17435332288801,39.4123669569674,0.4906493756199033,71.82800738428281,175.18120011706543
59.780980437265896,98.82535630165142,158.02808655733406,36.77857243048355,4.807905771119584,114.1799733819371,87.48339757534531
240.98952216294978,380.9659537566926,143.00553228990648,7.4886873105461556,5.4759433811808655,64.58846281705976,174.5789760229087
7.977846299005003,13.809148799081795,106.39276436773352,7.298217569678748,2.3547223874217753,51.8569480856884,23.406023570991113
242.62031254337157,472.97951437596436,135.53636557272551,84.01121914919848,9.643885586938586,27.93388706247501,244.09355415119737
15.574178427891148,27.816380956066865,159.34764542122915,30.94172694741718,9.103600648278697,96.48262174871638,51.983541053898854
223.3300628560274,306.3981940360105,78.7038546806756,54.21748279268747,7.249218031013468,90.78883252831506,158.54980238635878
134.28677172614346,164.49411210311632,65.59563746575057,33.378929490933444,5.3805276247770895,52.27905423765484,106.99918325803436
248.2763750492286,350.022823038683,123.4908755458094,94.36452828595735,8.712694680512081,12.77127553551523,232.18803998901538
23.08015836017272,38.68378433397188,147.33381013001397,29.633192092248507,1.393458203852283,102.28970604898117,67.24353017891255
140.6942996783236,174.6214146648321,139.58847291202468,45.817397210198834,7.926046963321362,11.2559781799481,124.28079919394774
242.47912122667924,387.2617066143674,145.62832030596786,87.90937379603717,1.3357260582717982,87.4069757591956,225.056989241147
133.15897182168646,223.37075026674304,84.04916351819861,84.98368884522182,7.962685559239113,116.72828206986628,127.34497655148684
159.20266634313933,233.61321451333944,149.0318167497537,22.679634695396345,2.830098925688434,58.14274609630238,115.2056078500291
175.4584288012312,318.7605497718267,30.435539413003436,81.2511144305925,8.78319675208007,35.847074549554804,143.3344844874821
116.36256086810444,149.558309616695,102.56314665334442,48.5277542400998,9.446016728871438,87.535811104772,133.9600725043254
158.75172962059554,200.0446777930462,10.978972284680667,50.882042848108746,1.573080097110645,99.88409562171437,112.70206618511723
148.15700642115956,264.09742068833026,65.17959108304595,17.68059737951466,4.680488490147396,70.1073347685632,128.16238064448854
225.7837125702923,360.43955021985164,72.29846092813764,12.657143806926843,9.811775043810583,116.37388027817607,185.64477470559677
16.13436318365718,28.246783244760646,77.34935757357341,74.15423416250769,4.885733616134151,15.683559382375721,65.35288940354982
73.83598145009643,114.28790038582852,128.22942513727656,52.163809473753474,8.649120472893998,65.5275158134981,113.15764736917096
237.8508135987569,332.30651558115585,76.05487721595877,46.500816748442055,5.9284420691000665,89.02993420548052,221.3215840940681
223.1146270532745,413.9405189650109,86.27791584583021,74.30328172197768,3.8157660884040587,104.89045182640969,199.08058068710804
116.63590443249967,214.55556056799847,50.38250224863567,77.72372540415543,2.9292571997061154,29.718117309856904,113.74475216071585
156.9324864613765,275.53533935935445,73.45280457698782,20.09627592858859,2.111908601752264,98.00038299400495,115.1699002459692
72.95838983037751,103.43428460642518,48.63583663473575,62.971389200375924,7.6418020946392025,70.79777832903997,96.79843467154933
51.08968413232152,85.43137962722675,22.443307040635418,17.858637816380124,3.9267510175479763,53.620905018895954,31.765612415581035
118.60610921029563,176.57829860638262,112.58626087483424,76.38063317275935,5.161627075787436,24.48865314370029,116.92179904330774
91.57129586638294,116.59458634577953,123.59617575435276,67.41073984537826,4.974022252011701,105.18253347998036,79.00154697491789
147.99574740346367,286.2017034472589,115.31335882163447,95.8783890029285,5.815062389407999,27.300052899768687,141.67054500769126
24.044986056421287,31.485824925869608,88.7939874460973,11.551011553860011,8.669213741683068,44.076664513000914,28.703469181630638
243.7267278782108,477.750666217368,74.56358263046907,10.420198509369161,9.80931950147595,41.905008515868055,208.0538226573973
246.6216323975027,383.9416963054841,156.7667204272103,31.807772095854013,4.135083664880788,105.85554376099397,203.4737977994607
